clima,prob
Desconocido,0.08053691275167785
Llovizna,0.23937360178970918
Nublado,0.47818791946308725
Despejado,0.0878076062639821
Parcialmente nublado,0.049217002237136466
,0.0
Niebla,0.020134228187919462
Tormenta eléctrica,0.025167785234899327
