tipo_servicio,prob_y_costo_tipo_servicio
Utilitario,"[0.49140893470790376, 1.2]"
Auto,"[0.3006872852233677, 1]"
Ejecutivo,"[0.10538373424971363, 1.5]"
Minivan,"[0.10194730813287514, 2]"
Premium,"[0.000572737686139748, 1.5]"
