trafico,prob
Bajo,0.2807606263982103
Medio,0.2746085011185682
Alto,0.26230425055928414
,0.0
